{
  "max_depth": 17.080725777960453,
  "max_features": 0.5102922471479012,
  "n_estimators": 1954.8647782429914
}