{
  "max_depth": 15.986584841970366,
  "max_features": 0.6560186404424365,
  "n_estimators": 733.991780504304
}