{
  "max_depth": 17.98931168960506,
  "max_features": 0.24863737747479334,
  "n_estimators": 404.5586860538462
}