{
  "max_depth": 13.745401188473625,
  "max_features": 0.9753571532049581,
  "n_estimators": 1597.9909127171077
}