{
  "max_depth": 10.200854118241207,
  "max_features": 0.3129695700716765,
  "n_estimators": 1073.275041682864
}