{
  "max_depth": 8.741722139252525,
  "max_features": 0.7655000144869414,
  "n_estimators": 745.3942447208349
}