{
  "max_depth": 8.697003346018393,
  "max_features": 0.7063233020424546,
  "n_estimators": 1222.1742728992572
}