{
  "max_depth": 12.494481426168349,
  "max_features": 0.7655000144869414,
  "n_estimators": 1477.3881865322398
}