{
  "max_depth": 15.18390181036444,
  "max_features": 0.20921304830970558,
  "n_estimators": 354.1893146555952
}