{
  "max_depth": 16.496870933552547,
  "max_features": 0.11440914600706172,
  "n_estimators": 1941.3242117158889
}