{
  "max_depth": 10.580836121681994,
  "max_features": 0.9330880728874675,
  "n_estimators": 1401.6725176148132
}