{
  "max_depth": 13.745401188473625,
  "max_features": 1.4507143064099162,
  "n_estimators": 1597.9909127171077
}