{
  "max_depth": 15.986584841970366,
  "max_features": 0.5780093202212182,
  "n_estimators": 733.991780504304
}