{
  "max_depth": 12.775852715546659,
  "max_features": 0.20921304830970558,
  "n_estimators": 198.1947943193925
}